Workbook

Sheet Employee Master
A1: Employee ID | B1: Full Name | C1: Email | D1: Phone | E1: Department | F1: Job Title | G1: Employment Type | H1: Date of Joining | I1: Manager | J1: Location | K1: Salary | L1: Emergency Contact | M1: Emergency Phone | N1: Status
A2: EMP001 | B2: Rajesh Kumar | C2: rajesh.kumar@company.com | D2: 9876543210 | E2: Engineering | F2: Senior Engineer | G2: Full-Time | H2: 44635 | I2: Amit Sharma | J2: Bangalore | K2: 95000 | L2: Priya Kumar | M2: 9876543211 | N2: Active
A3: EMP002 | B3: Priya Sharma | C3: priya.sharma@company.com | D3: 9876543212 | E3: Sales | F3: Sales Manager | G3: Full-Time | H3: 44348 | I3: Vikram Singh | J3: Mumbai | K3: 85000 | L3: Rahul Sharma | M3: 9876543213 | N3: Active
A4: EMP003 | B4: Amit Patel | C4: amit.patel@company.com | D4: 9876543214 | E4: Marketing | F4: Marketing Manager | G4: Full-Time | H4: 43850 | I4: Neha Gupta | J4: Delhi | K4: 78000 | L4: Sneha Patel | M4: 9876543215 | N4: Active
A5: EMP004 | B5: Neha Singh | C5: neha.singh@company.com | D5: 9876543216 | E5: HR | F5: HR Manager | G5: Full-Time | H5: 43718 | I5: CEO | J5: Bangalore | K5: 92000 | L5: Karan Singh | M5: 9876543217 | N5: Active
A6: EMP005 | B6: Vikram Reddy | C6: vikram.reddy@company.com | D6: 9876543218 | E6: Finance | F6: Finance Manager | G6: Full-Time | H6: 44505 | I6: CFO | J6: Hyderabad | K6: 98000 | L6: Lakshmi Reddy | M6: 9876543219 | N6: Active
A7: EMP006 | B7: Ananya Iyer | C7: ananya.iyer@company.com | D7: 9876543220 | E7: Engineering | F7: Software Engineer | G7: Full-Time | H7: 44971 | I7: Rajesh Kumar | J7: Bangalore | K7: 72000 | L7: Suresh Iyer | M7: 9876543221 | N7: Active
A8: EMP007 | B8: Karthik Menon | C8: karthik.menon@company.com | D8: 9876543222 | E8: Sales | F8: Sales Executive | G8: Full-Time | H8: 45054 | I8: Priya Sharma | J8: Pune | K8: 55000 | L8: Meera Menon | M8: 9876543223 | N8: Active
A9: EMP008 | B9: Divya Nair | C9: divya.nair@company.com | D9: 9876543224 | E9: Marketing | F9: Digital Marketer | G9: Contract | H9: 45139 | I9: Amit Patel | J9: Mumbai | K9: 48000 | L9: Anil Nair | M9: 9876543225 | N9: Active
A10: EMP009 | B10: Rahul Verma | C10: rahul.verma@company.com | D10: 9876543226 | E10: Engineering | F10: QA Engineer | G10: Full-Time | H10: 44905 | I10: Rajesh Kumar | J10: Delhi | K10: 68000 | L10: Pooja Verma | M10: 9876543227 | N10: Active
A11: EMP010 | B11: Sneha Desai | C11: sneha.desai@company.com | D11: 9876543228 | E11: HR | F11: Recruiter | G11: Full-Time | H11: 45005 | I11: Neha Singh | J11: Bangalore | K11: 52000 | L11: Nitin Desai | M11: 9876543229 | N11: Active
A12: EMP011 | B12: Arjun Kapoor | C12: arjun.kapoor@company.com | D12: 9876543230 | E12: Operations | F12: Operations Manager | G12: Full-Time | H12: 44392 | I12: COO | J12: Mumbai | K12: 88000 | L12: Kavita Kapoor | M12: 9876543231 | N12: Active
A13: EMP012 | B13: Pooja Agarwal | C13: pooja.agarwal@company.com | D13: 9876543232 | E13: Finance | F13: Accountant | G13: Full-Time | H13: 44809 | I13: Vikram Reddy | J13: Hyderabad | K13: 58000 | L13: Ravi Agarwal | M13: 9876543233 | N13: Active
... A16: EMP015 | B16: Siddharth Roy | C16: siddharth.roy@company.com | D16: 9876543238 | E16: Marketing | F16: Content Writer | G16: Intern | H16: 45170 | I16: Amit Patel | J16: Delhi | K16: 25000 | L16: Meena Roy | M16: 9876543239 | N16: Active

Sheet Attendance Tracker
A1: Employee ID | B1: Employee Name | C1: Date | D1: Check-In | E1: Check-Out | F1: Total Hours | G1: Status | H1: Overtime Hours | I1: Notes
A2: EMP001 | B2: Rajesh Kumar | C2: 46126.966 | G2: Absent | I2: Sick leave
A3: EMP002 | B3: Priya Sharma | C3: 46126.966 | D3: 09:00 | E3: 18:00 | F3: =(TIME(VALUE(MID(E3,1,2)),VALUE(MID(E3,4,2)),0)-TIME(VALUE(MID(D3,1,2)),VALUE(MID(D3,4,2)),0))*24 | G3: Present | H3: =IF(F3>8,F3-8,0)
A4: EMP003 | B4: Amit Patel | C4: 46126.966 | D4: 09:00 | E4: 18:00 | F4: =(TIME(VALUE(MID(E4,1,2)),VALUE(MID(E4,4,2)),0)-TIME(VALUE(MID(D4,1,2)),VALUE(MID(D4,4,2)),0))*24 | G4: Present | H4: =IF(F4>8,F4-8,0)
A5: EMP004 | B5: Neha Singh | C5: 46126.966 | D5: 09:00 | E5: 13:00 | F5: =(TIME(VALUE(MID(E5,1,2)),VALUE(MID(E5,4,2)),0)-TIME(VALUE(MID(D5,1,2)),VALUE(MID(D5,4,2)),0))*24 | G5: Half Day | H5: =IF(F5>8,F5-8,0) | I5: Personal work
A6: EMP005 | B6: Vikram Reddy | C6: 46126.966 | G6: Absent | I6: Sick leave
A7: EMP006 | B7: Ananya Iyer | C7: 46126.966 | D7: 09:00 | E7: 18:00 | F7: =(TIME(VALUE(MID(E7,1,2)),VALUE(MID(E7,4,2)),0)-TIME(VALUE(MID(D7,1,2)),VALUE(MID(D7,4,2)),0))*24 | G7: Present | H7: =IF(F7>8,F7-8,0)
A8: EMP007 | B8: Karthik Menon | C8: 46126.966 | G8: Absent | I8: Sick leave
A9: EMP008 | B9: Divya Nair | C9: 46126.966 | D9: 09:00 | E9: 18:00 | F9: =(TIME(VALUE(MID(E9,1,2)),VALUE(MID(E9,4,2)),0)-TIME(VALUE(MID(D9,1,2)),VALUE(MID(D9,4,2)),0))*24 | G9: Present | H9: =IF(F9>8,F9-8,0)
A10: EMP009 | B10: Rahul Verma | C10: 46126.966 | D10: 09:00 | E10: 18:00 | F10: =(TIME(VALUE(MID(E10,1,2)),VALUE(MID(E10,4,2)),0)-TIME(VALUE(MID(D10,1,2)),VALUE(MID(D10,4,2)),0))*24 | G10: Present | H10: =IF(F10>8,F10-8,0)
A11: EMP010 | B11: Sneha Desai | C11: 46126.966 | D11: 09:00 | E11: 18:00 | F11: =(TIME(VALUE(MID(E11,1,2)),VALUE(MID(E11,4,2)),0)-TIME(VALUE(MID(D11,1,2)),VALUE(MID(D11,4,2)),0))*24 | G11: Present | H11: =IF(F11>8,F11-8,0)
A12: EMP001 | B12: Rajesh Kumar | C12: 46127.966 | D12: 09:00 | E12: 18:00 | F12: =(TIME(VALUE(MID(E12,1,2)),VALUE(MID(E12,4,2)),0)-TIME(VALUE(MID(D12,1,2)),VALUE(MID(D12,4,2)),0))*24 | G12: Present | H12: =IF(F12>8,F12-8,0)
A13: EMP002 | B13: Priya Sharma | C13: 46127.966 | D13: 09:45 | E13: 18:00 | F13: =(TIME(VALUE(MID(E13,1,2)),VALUE(MID(E13,4,2)),0)-TIME(VALUE(MID(D13,1,2)),VALUE(MID(D13,4,2)),0))*24 | G13: Late | H13: =IF(F13>8,F13-8,0) | I13: Traffic delay
A14: EMP003 | B14: Amit Patel | C14: 46127.966 | D14: 09:00 | E14: 13:00 | F14: =(TIME(VALUE(MID(E14,1,2)),VALUE(MID(E14,4,2)),0)-TIME(VALUE(MID(D14,1,2)),VALUE(MID(D14,4,2)),0))*24 | G14: Half Day | H14: =IF(F14>8,F14-8,0) | I14: Personal work
A15: EMP004 | B15: Neha Singh | C15: 46127.966 | D15: 09:00 | E15: 18:00 | F15: =(TIME(VALUE(MID(E15,1,2)),VALUE(MID(E15,4,2)),0)-TIME(VALUE(MID(D15,1,2)),VALUE(MID(D15,4,2)),0))*24 | G15: Present | H15: =IF(F15>8,F15-8,0)
A16: EMP005 | B16: Vikram Reddy | C16: 46127.966 | D16: 09:00 | E16: 18:00 | F16: =(TIME(VALUE(MID(E16,1,2)),VALUE(MID(E16,4,2)),0)-TIME(VALUE(MID(D16,1,2)),VALUE(MID(D16,4,2)),0))*24 | G16: Present | H16: =IF(F16>8,F16-8,0)
A17: EMP006 | B17: Ananya Iyer | C17: 46127.966 | D17: 09:45 | E17: 18:00 | F17: =(TIME(VALUE(MID(E17,1,2)),VALUE(MID(E17,4,2)),0)-TIME(VALUE(MID(D17,1,2)),VALUE(MID(D17,4,2)),0))*24 | G17: Late | H17: =IF(F17>8,F17-8,0) | I17: Traffic delay
A18: EMP007 | B18: Karthik Menon | C18: 46127.966 | D18: 09:00 | E18: 18:00 | F18: =(TIME(VALUE(MID(E18,1,2)),VALUE(MID(E18,4,2)),0)-TIME(VALUE(MID(D18,1,2)),VALUE(MID(D18,4,2)),0))*24 | G18: Present | H18: =IF(F18>8,F18-8,0)
A19: EMP008 | B19: Divya Nair | C19: 46127.966 | D19: 09:00 | E19: 18:00 | F19: =(TIME(VALUE(MID(E19,1,2)),VALUE(MID(E19,4,2)),0)-TIME(VALUE(MID(D19,1,2)),VALUE(MID(D19,4,2)),0))*24 | G19: Present | H19: =IF(F19>8,F19-8,0)
A20: EMP009 | B20: Rahul Verma | C20: 46127.966 | D20: 09:00 | E20: 18:00 | F20: =(TIME(VALUE(MID(E20,1,2)),VALUE(MID(E20,4,2)),0)-TIME(VALUE(MID(D20,1,2)),VALUE(MID(D20,4,2)),0))*24 | G20: Present | H20: =IF(F20>8,F20-8,0)
A21: EMP010 | B21: Sneha Desai | C21: 46127.966 | D21: 09:00 | E21: 18:00 | F21: =(TIME(VALUE(MID(E21,1,2)),VALUE(MID(E21,4,2)),0)-TIME(VALUE(MID(D21,1,2)),VALUE(MID(D21,4,2)),0))*24 | G21: Present | H21: =IF(F21>8,F21-8,0)
A22: EMP001 | B22: Rajesh Kumar | C22: 46128.966 | D22: 09:00 | E22: 18:00 | F22: =(TIME(VALUE(MID(E22,1,2)),VALUE(MID(E22,4,2)),0)-TIME(VALUE(MID(D22,1,2)),VALUE(MID(D22,4,2)),0))*24 | G22: Present | H22: =IF(F22>8,F22-8,0)
A23: EMP002 | B23: Priya Sharma | C23: 46128.966 | D23: 09:45 | E23: 18:00 | F23: =(TIME(VALUE(MID(E23,1,2)),VALUE(MID(E23,4,2)),0)-TIME(VALUE(MID(D23,1,2)),VALUE(MID(D23,4,2)),0))*24 | G23: Late | H23: =IF(F23>8,F23-8,0) | I23: Traffic delay
A24: EMP003 | B24: Amit Patel | C24: 46128.966 | D24: 09:00 | E24: 18:00 | F24: =(TIME(VALUE(MID(E24,1,2)),VALUE(MID(E24,4,2)),0)-TIME(VALUE(MID(D24,1,2)),VALUE(MID(D24,4,2)),0))*24 | G24: Present | H24: =IF(F24>8,F24-8,0)
A25: EMP004 | B25: Neha Singh | C25: 46128.966 | D25: 09:00 | E25: 18:00 | F25: =(TIME(VALUE(MID(E25,1,2)),VALUE(MID(E25,4,2)),0)-TIME(VALUE(MID(D25,1,2)),VALUE(MID(D25,4,2)),0))*24 | G25: Present | H25: =IF(F25>8,F25-8,0)
A26: EMP005 | B26: Vikram Reddy | C26: 46128.966 | D26: 09:00 | E26: 13:00 | F26: =(TIME(VALUE(MID(E26,1,2)),VALUE(MID(E26,4,2)),0)-TIME(VALUE(MID(D26,1,2)),VALUE(MID(D26,4,2)),0))*24 | G26: Half Day | H26: =IF(F26>8,F26-8,0) | I26: Personal work
A27: EMP006 | B27: Ananya Iyer | C27: 46128.966 | D27: 09:00 | E27: 13:00 | F27: =(TIME(VALUE(MID(E27,1,2)),VALUE(MID(E27,4,2)),0)-TIME(VALUE(MID(D27,1,2)),VALUE(MID(D27,4,2)),0))*24 | G27: Half Day | H27: =IF(F27>8,F27-8,0) | I27: Personal work
A28: EMP007 | B28: Karthik Menon | C28: 46128.966 | D28: 09:45 | E28: 18:00 | F28: =(TIME(VALUE(MID(E28,1,2)),VALUE(MID(E28,4,2)),0)-TIME(VALUE(MID(D28,1,2)),VALUE(MID(D28,4,2)),0))*24 | G28: Late | H28: =IF(F28>8,F28-8,0) | I28: Traffic delay
A29: EMP008 | B29: Divya Nair | C29: 46128.966 | D29: 09:00 | E29: 18:00 | F29: =(TIME(VALUE(MID(E29,1,2)),VALUE(MID(E29,4,2)),0)-TIME(VALUE(MID(D29,1,2)),VALUE(MID(D29,4,2)),0))*24 | G29: Present | H29: =IF(F29>8,F29-8,0)
A30: EMP009 | B30: Rahul Verma | C30: 46128.966 | D30: 09:00 | E30: 18:00 | F30: =(TIME(VALUE(MID(E30,1,2)),VALUE(MID(E30,4,2)),0)-TIME(VALUE(MID(D30,1,2)),VALUE(MID(D30,4,2)),0))*24 | G30: Present | H30: =IF(F30>8,F30-8,0)
A31: EMP010 | B31: Sneha Desai | C31: 46128.966 | G31: Absent | I31: Sick leave
A32: EMP001 | B32: Rajesh Kumar | C32: 46129.966 | D32: 09:00 | E32: 18:00 | F32: =(TIME(VALUE(MID(E32,1,2)),VALUE(MID(E32,4,2)),0)-TIME(VALUE(MID(D32,1,2)),VALUE(MID(D32,4,2)),0))*24 | G32: Present | H32: =IF(F32>8,F32-8,0)
A33: EMP002 | B33: Priya Sharma | C33: 46129.966 | G33: Absent | I33: Sick leave
A34: EMP003 | B34: Amit Patel | C34: 46129.966 | D34: 09:00 | E34: 18:00 | F34: =(TIME(VALUE(MID(E34,1,2)),VALUE(MID(E34,4,2)),0)-TIME(VALUE(MID(D34,1,2)),VALUE(MID(D34,4,2)),0))*24 | G34: Present | H34: =IF(F34>8,F34-8,0)
A35: EMP004 | B35: Neha Singh | C35: 46129.966 | G35: Absent | I35: Sick leave
A36: EMP005 | B36: Vikram Reddy | C36: 46129.966 | D36: 09:00 | E36: 18:00 | F36: =(TIME(VALUE(MID(E36,1,2)),VALUE(MID(E36,4,2)),0)-TIME(VALUE(MID(D36,1,2)),VALUE(MID(D36,4,2)),0))*24 | G36: Present | H36: =IF(F36>8,F36-8,0)
A37: EMP006 | B37: Ananya Iyer | C37: 46129.966 | D37: 09:00 | E37: 18:00 | F37: =(TIME(VALUE(MID(E37,1,2)),VALUE(MID(E37,4,2)),0)-TIME(VALUE(MID(D37,1,2)),VALUE(MID(D37,4,2)),0))*24 | G37: Present | H37: =IF(F37>8,F37-8,0)
A38: EMP007 | B38: Karthik Menon | C38: 46129.966 | D38: 09:00 | E38: 13:00 | F38: =(TIME(VALUE(MID(E38,1,2)),VALUE(MID(E38,4,2)),0)-TIME(VALUE(MID(D38,1,2)),VALUE(MID(D38,4,2)),0))*24 | G38: Half Day | H38: =IF(F38>8,F38-8,0) | I38: Personal work
A39: EMP008 | B39: Divya Nair | C39: 46129.966 | D39: 09:00 | E39: 18:00 | F39: =(TIME(VALUE(MID(E39,1,2)),VALUE(MID(E39,4,2)),0)-TIME(VALUE(MID(D39,1,2)),VALUE(MID(D39,4,2)),0))*24 | G39: Present | H39: =IF(F39>8,F39-8,0)
A40: EMP009 | B40: Rahul Verma | C40: 46129.966 | D40: 09:00 | E40: 18:00 | F40: =(TIME(VALUE(MID(E40,1,2)),VALUE(MID(E40,4,2)),0)-TIME(VALUE(MID(D40,1,2)),VALUE(MID(D40,4,2)),0))*24 | G40: Present | H40: =IF(F40>8,F40-8,0)
A41: EMP010 | B41: Sneha Desai | C41: 46129.966 | D41: 09:00 | E41: 13:00 | F41: =(TIME(VALUE(MID(E41,1,2)),VALUE(MID(E41,4,2)),0)-TIME(VALUE(MID(D41,1,2)),VALUE(MID(D41,4,2)),0))*24 | G41: Half Day | H41: =IF(F41>8,F41-8,0) | I41: Personal work
A42: EMP001 | B42: Rajesh Kumar | C42: 46130.966 | D42: 09:00 | E42: 18:00 | F42: =(TIME(VALUE(MID(E42,1,2)),VALUE(MID(E42,4,2)),0)-TIME(VALUE(MID(D42,1,2)),VALUE(MID(D42,4,2)),0))*24 | G42: Present | H42: =IF(F42>8,F42-8,0)
A43: EMP002 | B43: Priya Sharma | C43: 46130.966 | D43: 09:00 | E43: 18:00 | F43: =(TIME(VALUE(MID(E43,1,2)),VALUE(MID(E43,4,2)),0)-TIME(VALUE(MID(D43,1,2)),VALUE(MID(D43,4,2)),0))*24 | G43: Present | H43: =IF(F43>8,F43-8,0)
A44: EMP003 | B44: Amit Patel | C44: 46130.966 | D44: 09:00 | E44: 18:00 | F44: =(TIME(VALUE(MID(E44,1,2)),VALUE(MID(E44,4,2)),0)-TIME(VALUE(MID(D44,1,2)),VALUE(MID(D44,4,2)),0))*24 | G44: Present | H44: =IF(F44>8,F44-8,0)
A45: EMP004 | B45: Neha Singh | C45: 46130.966 | G45: Absent | I45: Sick leave
A46: EMP005 | B46: Vikram Reddy | C46: 46130.966 | D46: 09:00 | E46: 18:00 | F46: =(TIME(VALUE(MID(E46,1,2)),VALUE(MID(E46,4,2)),0)-TIME(VALUE(MID(D46,1,2)),VALUE(MID(D46,4,2)),0))*24 | G46: Present | H46: =IF(F46>8,F46-8,0)
A47: EMP006 | B47: Ananya Iyer | C47: 46130.966 | D47: 09:00 | E47: 18:00 | F47: =(TIME(VALUE(MID(E47,1,2)),VALUE(MID(E47,4,2)),0)-TIME(VALUE(MID(D47,1,2)),VALUE(MID(D47,4,2)),0))*24 | G47: Present | H47: =IF(F47>8,F47-8,0)
A48: EMP007 | B48: Karthik Menon | C48: 46130.966 | D48: 09:00 | E48: 18:00 | F48: =(TIME(VALUE(MID(E48,1,2)),VALUE(MID(E48,4,2)),0)-TIME(VALUE(MID(D48,1,2)),VALUE(MID(D48,4,2)),0))*24 | G48: Present | H48: =IF(F48>8,F48-8,0)
A49: EMP008 | B49: Divya Nair | C49: 46130.966 | D49: 09:00 | E49: 18:00 | F49: =(TIME(VALUE(MID(E49,1,2)),VALUE(MID(E49,4,2)),0)-TIME(VALUE(MID(D49,1,2)),VALUE(MID(D49,4,2)),0))*24 | G49: Present | H49: =IF(F49>8,F49-8,0)
A50: EMP009 | B50: Rahul Verma | C50: 46130.966 | D50: 09:45 | E50: 18:00 | F50: =(TIME(VALUE(MID(E50,1,2)),VALUE(MID(E50,4,2)),0)-TIME(VALUE(MID(D50,1,2)),VALUE(MID(D50,4,2)),0))*24 | G50: Late | H50: =IF(F50>8,F50-8,0) | I50: Traffic delay
A51: EMP010 | B51: Sneha Desai | C51: 46130.966 | D51: 09:45 | E51: 18:00 | F51: =(TIME(VALUE(MID(E51,1,2)),VALUE(MID(E51,4,2)),0)-TIME(VALUE(MID(D51,1,2)),VALUE(MID(D51,4,2)),0))*24 | G51: Late | H51: =IF(F51>8,F51-8,0) | I51: Traffic delay
A52: EMP001 | B52: Rajesh Kumar | C52: 46131.966 | D52: 09:00 | E52: 18:00 | F52: =(TIME(VALUE(MID(E52,1,2)),VALUE(MID(E52,4,2)),0)-TIME(VALUE(MID(D52,1,2)),VALUE(MID(D52,4,2)),0))*24 | G52: Present | H52: =IF(F52>8,F52-8,0)
A53: EMP002 | B53: Priya Sharma | C53: 46131.966 | D53: 09:00 | E53: 18:00 | F53: =(TIME(VALUE(MID(E53,1,2)),VALUE(MID(E53,4,2)),0)-TIME(VALUE(MID(D53,1,2)),VALUE(MID(D53,4,2)),0))*24 | G53: Present | H53: =IF(F53>8,F53-8,0)
A54: EMP003 | B54: Amit Patel | C54: 46131.966 | D54: 09:00 | E54: 13:00 | F54: =(TIME(VALUE(MID(E54,1,2)),VALUE(MID(E54,4,2)),0)-TIME(VALUE(MID(D54,1,2)),VALUE(MID(D54,4,2)),0))*24 | G54: Half Day | H54: =IF(F54>8,F54-8,0) | I54: Personal work
A55: EMP004 | B55: Neha Singh | C55: 46131.966 | D55: 09:00 | E55: 13:00 | F55: =(TIME(VALUE(MID(E55,1,2)),VALUE(MID(E55,4,2)),0)-TIME(VALUE(MID(D55,1,2)),VALUE(MID(D55,4,2)),0))*24 | G55: Half Day | H55: =IF(F55>8,F55-8,0) | I55: Personal work
A56: EMP005 | B56: Vikram Reddy | C56: 46131.966 | D56: 09:00 | E56: 13:00 | F56: =(TIME(VALUE(MID(E56,1,2)),VALUE(MID(E56,4,2)),0)-TIME(VALUE(MID(D56,1,2)),VALUE(MID(D56,4,2)),0))*24 | G56: Half Day | H56: =IF(F56>8,F56-8,0) | I56: Personal work
A57: EMP006 | B57: Ananya Iyer | C57: 46131.966 | D57: 09:45 | E57: 18:00 | F57: =(TIME(VALUE(MID(E57,1,2)),VALUE(MID(E57,4,2)),0)-TIME(VALUE(MID(D57,1,2)),VALUE(MID(D57,4,2)),0))*24 | G57: Late | H57: =IF(F57>8,F57-8,0) | I57: Traffic delay
A58: EMP007 | B58: Karthik Menon | C58: 46131.966 | D58: 09:45 | E58: 18:00 | F58: =(TIME(VALUE(MID(E58,1,2)),VALUE(MID(E58,4,2)),0)-TIME(VALUE(MID(D58,1,2)),VALUE(MID(D58,4,2)),0))*24 | G58: Late | H58: =IF(F58>8,F58-8,0) | I58: Traffic delay
A59: EMP008 | B59: Divya Nair | C59: 46131.966 | D59: 09:00 | E59: 18:00 | F59: =(TIME(VALUE(MID(E59,1,2)),VALUE(MID(E59,4,2)),0)-TIME(VALUE(MID(D59,1,2)),VALUE(MID(D59,4,2)),0))*24 | G59: Present | H59: =IF(F59>8,F59-8,0)
A60: EMP009 | B60: Rahul Verma | C60: 46131.966 | D60: 09:45 | E60: 18:00 | F60: =(TIME(VALUE(MID(E60,1,2)),VALUE(MID(E60,4,2)),0)-TIME(VALUE(MID(D60,1,2)),VALUE(MID(D60,4,2)),0))*24 | G60: Late | H60: =IF(F60>8,F60-8,0) | I60: Traffic delay
A61: EMP010 | B61: Sneha Desai | C61: 46131.966 | D61: 09:45 | E61: 18:00 | F61: =(TIME(VALUE(MID(E61,1,2)),VALUE(MID(E61,4,2)),0)-TIME(VALUE(MID(D61,1,2)),VALUE(MID(D61,4,2)),0))*24 | G61: Late | H61: =IF(F61>8,F61-8,0) | I61: Traffic delay
A62: EMP001 | B62: Rajesh Kumar | C62: 46132.966 | D62: 09:00 | E62: 18:00 | F62: =(TIME(VALUE(MID(E62,1,2)),VALUE(MID(E62,4,2)),0)-TIME(VALUE(MID(D62,1,2)),VALUE(MID(D62,4,2)),0))*24 | G62: Present | H62: =IF(F62>8,F62-8,0)
A63: EMP002 | B63: Priya Sharma | C63: 46132.966 | D63: 09:00 | E63: 18:00 | F63: =(TIME(VALUE(MID(E63,1,2)),VALUE(MID(E63,4,2)),0)-TIME(VALUE(MID(D63,1,2)),VALUE(MID(D63,4,2)),0))*24 | G63: Present | H63: =IF(F63>8,F63-8,0)
A64: EMP003 | B64: Amit Patel | C64: 46132.966 | D64: 09:45 | E64: 18:00 | F64: =(TIME(VALUE(MID(E64,1,2)),VALUE(MID(E64,4,2)),0)-TIME(VALUE(MID(D64,1,2)),VALUE(MID(D64,4,2)),0))*24 | G64: Late | H64: =IF(F64>8,F64-8,0) | I64: Traffic delay
A65: EMP004 | B65: Neha Singh | C65: 46132.966 | D65: 09:45 | E65: 18:00 | F65: =(TIME(VALUE(MID(E65,1,2)),VALUE(MID(E65,4,2)),0)-TIME(VALUE(MID(D65,1,2)),VALUE(MID(D65,4,2)),0))*24 | G65: Late | H65: =IF(F65>8,F65-8,0) | I65: Traffic delay
A66: EMP005 | B66: Vikram Reddy | C66: 46132.966 | D66: 09:45 | E66: 18:00 | F66: =(TIME(VALUE(MID(E66,1,2)),VALUE(MID(E66,4,2)),0)-TIME(VALUE(MID(D66,1,2)),VALUE(MID(D66,4,2)),0))*24 | G66: Late | H66: =IF(F66>8,F66-8,0) | I66: Traffic delay
A67: EMP006 | B67: Ananya Iyer | C67: 46132.966 | D67: 09:00 | E67: 13:00 | F67: =(TIME(VALUE(MID(E67,1,2)),VALUE(MID(E67,4,2)),0)-TIME(VALUE(MID(D67,1,2)),VALUE(MID(D67,4,2)),0))*24 | G67: Half Day | H67: =IF(F67>8,F67-8,0) | I67: Personal work
A68: EMP007 | B68: Karthik Menon | C68: 46132.966 | D68: 09:00 | E68: 18:00 | F68: =(TIME(VALUE(MID(E68,1,2)),VALUE(MID(E68,4,2)),0)-TIME(VALUE(MID(D68,1,2)),VALUE(MID(D68,4,2)),0))*24 | G68: Present | H68: =IF(F68>8,F68-8,0)
A69: EMP008 | B69: Divya Nair | C69: 46132.966 | D69: 09:00 | E69: 18:00 | F69: =(TIME(VALUE(MID(E69,1,2)),VALUE(MID(E69,4,2)),0)-TIME(VALUE(MID(D69,1,2)),VALUE(MID(D69,4,2)),0))*24 | G69: Present | H69: =IF(F69>8,F69-8,0)
A70: EMP009 | B70: Rahul Verma | C70: 46132.966 | D70: 09:00 | E70: 18:00 | F70: =(TIME(VALUE(MID(E70,1,2)),VALUE(MID(E70,4,2)),0)-TIME(VALUE(MID(D70,1,2)),VALUE(MID(D70,4,2)),0))*24 | G70: Present | H70: =IF(F70>8,F70-8,0)
A71: EMP010 | B71: Sneha Desai | C71: 46132.966 | D71: 09:00 | E71: 13:00 | F71: =(TIME(VALUE(MID(E71,1,2)),VALUE(MID(E71,4,2)),0)-TIME(VALUE(MID(D71,1,2)),VALUE(MID(D71,4,2)),0))*24 | G71: Half Day | H71: =IF(F71>8,F71-8,0) | I71: Personal work
A72: EMP001 | B72: Rajesh Kumar | C72: 46133.966 | G72: Absent | I72: Sick leave
A73: EMP002 | B73: Priya Sharma | C73: 46133.966 | D73: 09:45 | E73: 18:00 | F73: =(TIME(VALUE(MID(E73,1,2)),VALUE(MID(E73,4,2)),0)-TIME(VALUE(MID(D73,1,2)),VALUE(MID(D73,4,2)),0))*24 | G73: Late | H73: =IF(F73>8,F73-8,0) | I73: Traffic delay
A74: EMP003 | B74: Amit Patel | C74: 46133.966 | D74: 09:00 | E74: 18:00 | F74: =(TIME(VALUE(MID(E74,1,2)),VALUE(MID(E74,4,2)),0)-TIME(VALUE(MID(D74,1,2)),VALUE(MID(D74,4,2)),0))*24 | G74: Present | H74: =IF(F74>8,F74-8,0)
A75: EMP004 | B75: Neha Singh | C75: 46133.966 | D75: 09:00 | E75: 13:00 | F75: =(TIME(VALUE(MID(E75,1,2)),VALUE(MID(E75,4,2)),0)-TIME(VALUE(MID(D75,1,2)),VALUE(MID(D75,4,2)),0))*24 | G75: Half Day | H75: =IF(F75>8,F75-8,0) | I75: Personal work
A76: EMP005 | B76: Vikram Reddy | C76: 46133.966 | G76: Absent | I76: Sick leave
A77: EMP006 | B77: Ananya Iyer | C77: 46133.966 | D77: 09:00 | E77: 18:00 | F77: =(TIME(VALUE(MID(E77,1,2)),VALUE(MID(E77,4,2)),0)-TIME(VALUE(MID(D77,1,2)),VALUE(MID(D77,4,2)),0))*24 | G77: Present | H77: =IF(F77>8,F77-8,0)
A78: EMP007 | B78: Karthik Menon | C78: 46133.966 | D78: 09:00 | E78: 13:00 | F78: =(TIME(VALUE(MID(E78,1,2)),VALUE(MID(E78,4,2)),0)-TIME(VALUE(MID(D78,1,2)),VALUE(MID(D78,4,2)),0))*24 | G78: Half Day | H78: =IF(F78>8,F78-8,0) | I78: Personal work
A79: EMP008 | B79: Divya Nair | C79: 46133.966 | D79: 09:00 | E79: 18:00 | F79: =(TIME(VALUE(MID(E79,1,2)),VALUE(MID(E79,4,2)),0)-TIME(VALUE(MID(D79,1,2)),VALUE(MID(D79,4,2)),0))*24 | G79: Present | H79: =IF(F79>8,F79-8,0)
A80: EMP009 | B80: Rahul Verma | C80: 46133.966 | G80: Absent | I80: Sick leave
A81: EMP010 | B81: Sneha Desai | C81: 46133.966 | D81: 09:00 | E81: 18:00 | F81: =(TIME(VALUE(MID(E81,1,2)),VALUE(MID(E81,4,2)),0)-TIME(VALUE(MID(D81,1,2)),VALUE(MID(D81,4,2)),0))*24 | G81: Present | H81: =IF(F81>8,F81-8,0)
A82: EMP001 | B82: Rajesh Kumar | C82: 46134.966 | D82: 09:45 | E82: 18:00 | F82: =(TIME(VALUE(MID(E82,1,2)),VALUE(MID(E82,4,2)),0)-TIME(VALUE(MID(D82,1,2)),VALUE(MID(D82,4,2)),0))*24 | G82: Late | H82: =IF(F82>8,F82-8,0) | I82: Traffic delay
A83: EMP002 | B83: Priya Sharma | C83: 46134.966 | D83: 09:00 | E83: 13:00 | F83: =(TIME(VALUE(MID(E83,1,2)),VALUE(MID(E83,4,2)),0)-TIME(VALUE(MID(D83,1,2)),VALUE(MID(D83,4,2)),0))*24 | G83: Half Day | H83: =IF(F83>8,F83-8,0) | I83: Personal work
A84: EMP003 | B84: Amit Patel | C84: 46134.966 | D84: 09:00 | E84: 18:00 | F84: =(TIME(VALUE(MID(E84,1,2)),VALUE(MID(E84,4,2)),0)-TIME(VALUE(MID(D84,1,2)),VALUE(MID(D84,4,2)),0))*24 | G84: Present | H84: =IF(F84>8,F84-8,0)
A85: EMP004 | B85: Neha Singh | C85: 46134.966 | G85: Absent | I85: Sick leave
A86: EMP005 | B86: Vikram Reddy | C86: 46134.966 | D86: 09:00 | E86: 18:00 | F86: =(TIME(VALUE(MID(E86,1,2)),VALUE(MID(E86,4,2)),0)-TIME(VALUE(MID(D86,1,2)),VALUE(MID(D86,4,2)),0))*24 | G86: Present | H86: =IF(F86>8,F86-8,0)
A87: EMP006 | B87: Ananya Iyer | C87: 46134.966 | D87: 09:00 | E87: 18:00 | F87: =(TIME(VALUE(MID(E87,1,2)),VALUE(MID(E87,4,2)),0)-TIME(VALUE(MID(D87,1,2)),VALUE(MID(D87,4,2)),0))*24 | G87: Present | H87: =IF(F87>8,F87-8,0)
A88: EMP007 | B88: Karthik Menon | C88: 46134.966 | D88: 09:00 | E88: 18:00 | F88: =(TIME(VALUE(MID(E88,1,2)),VALUE(MID(E88,4,2)),0)-TIME(VALUE(MID(D88,1,2)),VALUE(MID(D88,4,2)),0))*24 | G88: Present | H88: =IF(F88>8,F88-8,0)
A89: EMP008 | B89: Divya Nair | C89: 46134.966 | D89: 09:00 | E89: 18:00 | F89: =(TIME(VALUE(MID(E89,1,2)),VALUE(MID(E89,4,2)),0)-TIME(VALUE(MID(D89,1,2)),VALUE(MID(D89,4,2)),0))*24 | G89: Present | H89: =IF(F89>8,F89-8,0)
A90: EMP009 | B90: Rahul Verma | C90: 46134.966 | D90: 09:00 | E90: 18:00 | F90: =(TIME(VALUE(MID(E90,1,2)),VALUE(MID(E90,4,2)),0)-TIME(VALUE(MID(D90,1,2)),VALUE(MID(D90,4,2)),0))*24 | G90: Present | H90: =IF(F90>8,F90-8,0)
A91: EMP010 | B91: Sneha Desai | C91: 46134.966 | D91: 09:00 | E91: 18:00 | F91: =(TIME(VALUE(MID(E91,1,2)),VALUE(MID(E91,4,2)),0)-TIME(VALUE(MID(D91,1,2)),VALUE(MID(D91,4,2)),0))*24 | G91: Present | H91: =IF(F91>8,F91-8,0)
A92: EMP001 | B92: Rajesh Kumar | C92: 46135.966 | D92: 09:45 | E92: 18:00 | F92: =(TIME(VALUE(MID(E92,1,2)),VALUE(MID(E92,4,2)),0)-TIME(VALUE(MID(D92,1,2)),VALUE(MID(D92,4,2)),0))*24 | G92: Late | H92: =IF(F92>8,F92-8,0) | I92: Traffic delay
A93: EMP002 | B93: Priya Sharma | C93: 46135.966 | D93: 09:00 | E93: 18:00 | F93: =(TIME(VALUE(MID(E93,1,2)),VALUE(MID(E93,4,2)),0)-TIME(VALUE(MID(D93,1,2)),VALUE(MID(D93,4,2)),0))*24 | G93: Present | H93: =IF(F93>8,F93-8,0)
A94: EMP003 | B94: Amit Patel | C94: 46135.966 | G94: Absent | I94: Sick leave
A95: EMP004 | B95: Neha Singh | C95: 46135.966 | D95: 09:00 | E95: 18:00 | F95: =(TIME(VALUE(MID(E95,1,2)),VALUE(MID(E95,4,2)),0)-TIME(VALUE(MID(D95,1,2)),VALUE(MID(D95,4,2)),0))*24 | G95: Present | H95: =IF(F95>8,F95-8,0)
A96: EMP005 | B96: Vikram Reddy | C96: 46135.966 | G96: Absent | I96: Sick leave
A97: EMP006 | B97: Ananya Iyer | C97: 46135.966 | G97: Absent | I97: Sick leave
A98: EMP007 | B98: Karthik Menon | C98: 46135.966 | D98: 09:00 | E98: 18:00 | F98: =(TIME(VALUE(MID(E98,1,2)),VALUE(MID(E98,4,2)),0)-TIME(VALUE(MID(D98,1,2)),VALUE(MID(D98,4,2)),0))*24 | G98: Present | H98: =IF(F98>8,F98-8,0)
A99: EMP008 | B99: Divya Nair | C99: 46135.966 | D99: 09:00 | E99: 18:00 | F99: =(TIME(VALUE(MID(E99,1,2)),VALUE(MID(E99,4,2)),0)-TIME(VALUE(MID(D99,1,2)),VALUE(MID(D99,4,2)),0))*24 | G99: Present | H99: =IF(F99>8,F99-8,0)
A100: EMP009 | B100: Rahul Verma | C100: 46135.966 | D100: 09:45 | E100: 18:00 | F100: =(TIME(VALUE(MID(E100,1,2)),VALUE(MID(E100,4,2)),0)-TIME(VALUE(MID(D100,1,2)),VALUE(MID(D100,4,2)),0))*24 | G100: Late | H100: =IF(F100>8,F100-8,0) | I100: Traffic delay
...

Sheet Onboarding Pipeline
A1: Candidate Name | B1: Position | C1: Department | D1: Offer Date | E1: Joining Date | F1: Current Stage | G1: Document Verification | H1: IT Setup | I1: Training Assigned | J1: Manager Assignment | K1: Completion % | L1: Days to Complete | M1: Status
A2: Amit Verma | B2: Software Engineer | C2: Engineering | D2: 45296 | E2: 45323 | F2: IT Setup | G2: Complete | H2: In Progress | I2: Pending | J2: Complete | K2: =COUNTIF(G2:J2,"Complete")/4 | L2: =E2-TODAY() | M2: On Track
A3: Ria Kapoor | B3: Sales Executive | C3: Sales | D3: 45301 | E3: 45327 | F3: Training | G3: Complete | H3: Complete | I3: In Progress | J3: Complete | K3: =COUNTIF(G3:J3,"Complete")/4 | L3: =E3-TODAY() | M3: On Track
A4: Naveen Kumar | B4: Marketing Manager | C4: Marketing | D4: 45299 | E4: 45325 | F4: Manager Assignment | G4: Complete | H4: Complete | I4: Complete | J4: In Progress | K4: =COUNTIF(G4:J4,"Complete")/4 | L4: =E4-TODAY() | M4: On Track
A5: Simran Gill | B5: HR Coordinator | C5: HR | D5: 45303 | E5: 45330 | F5: Document Verification | G5: In Progress | H5: Pending | I5: Pending | J5: Pending | K5: =COUNTIF(G5:J5,"Complete")/4 | L5: =E5-TODAY() | M5: Delayed
A6: Aditya Menon | B6: Financial Analyst | C6: Finance | D6: 45306 | E6: 45332 | F6: Offer Accepted | G6: Pending | H6: Pending | I6: Pending | J6: Pending | K6: =COUNTIF(G6:J6,"Complete")/4 | L6: =E6-TODAY() | M6: On Track

Sheet Leave Management
A1: Employee ID | B1: Employee Name | C1: Leave Type | D1: Start Date | E1: End Date | F1: Days | G1: Reason | H1: Status | I1: Approved By | J1: Date Submitted
A2: EMP001 | B2: Rajesh Kumar | C2: Annual Leave | D2: 45337 | E2: 45342 | F2: =E2-D2+1 | G2: Family vacation | H2: Approved | I2: Amit Sharma | J2: 45323
A3: EMP006 | B3: Ananya Iyer | C3: Sick Leave | D3: 45330 | E3: 45331 | F3: =E3-D3+1 | G3: Flu | H3: Approved | I3: Rajesh Kumar | J3: 45329
A4: EMP007 | B4: Karthik Menon | C4: Casual Leave | D4: 45344 | E4: 45344 | F4: =E4-D4+1 | G4: Personal work | H4: Pending | J4: 45342
A5: EMP003 | B5: Amit Patel | C5: Annual Leave | D5: 45361 | E5: 45366 | F5: =E5-D5+1 | G5: Wedding anniversary | H5: Approved | I5: Neha Gupta | J5: 45347
A6: EMP010 | B6: Sneha Desai | C6: Comp Off | D6: 45350 | E6: 45350 | F6: =E6-D6+1 | G6: Weekend work compensation | H6: Approved | I6: Neha Singh | J6: 45348

Sheet HR Dashboard
A1: HR ANALYTICS DASHBOARD
A2: Report Date: | B2: =TODAY()
A4: KEY METRICS
A5: Total Employees | B5: =COUNTA('Employee Master'!A2:A16)
A6: Active Employees | B6: =COUNTIF('Employee Master'!N2:N16,"Active")
A7: Departments | B7: =COUNTA(UNIQUE('Employee Master'!E2:E16))
A8: Average Tenure (Years) | B8: =(TODAY()-AVERAGE('Employee Master'!H2:H16))/365
A9: Pending Onboarding | B9: =COUNTIF('Onboarding Pipeline'!M2:M6,"On Track")
A10: Pending Leave Requests | B10: =COUNTIF('Leave Management'!H2:H6,"Pending")
A12: DEPARTMENT BREAKDOWN
A13: Department | B13: Employee Count | C13: Avg Salary | E13: ATTENDANCE SUMMARY (Last 10 Days)
A14: Engineering | B14: =COUNTIF('Employee Master'!E:E,A14) | C14: =AVERAGEIF('Employee Master'!E:E,A14,'Employee Master'!K:K) | E14: Status | F14: Count
A15: Sales | B15: =COUNTIF('Employee Master'!E:E,A15) | C15: =AVERAGEIF('Employee Master'!E:E,A15,'Employee Master'!K:K) | E15: Present | F15: =COUNTIF('Attendance Tracker'!G:G,E15)
A16: Marketing | B16: =COUNTIF('Employee Master'!E:E,A16) | C16: =AVERAGEIF('Employee Master'!E:E,A16,'Employee Master'!K:K) | E16: Late | F16: =COUNTIF('Attendance Tracker'!G:G,E16)
A17: HR | B17: =COUNTIF('Employee Master'!E:E,A17) | C17: =AVERAGEIF('Employee Master'!E:E,A17,'Employee Master'!K:K) | E17: Absent | F17: =COUNTIF('Attendance Tracker'!G:G,E17)
A18: Finance | B18: =COUNTIF('Employee Master'!E:E,A18) | C18: =AVERAGEIF('Employee Master'!E:E,A18,'Employee Master'!K:K) | E18: Half Day | F18: =COUNTIF('Attendance Tracker'!G:G,E18)
A19: Operations | B19: =COUNTIF('Employee Master'!E:E,A19) | C19: =AVERAGEIF('Employee Master'!E:E,A19,'Employee Master'!K:K)

Sheet Leave Balance
A1: Employee ID | B1: Employee Name | C1: Annual Leave Total | D1: Annual Leave Used | E1: Annual Leave Balance | F1: Sick Leave Total | G1: Sick Leave Used | H1: Sick Leave Balance | I1: Casual Leave Total | J1: Casual Leave Used | K1: Casual Leave Balance
A2: EMP001 | B2: Rajesh Kumar | C2: 20 | D2: =SUMIFS('Leave Management'!F:F,'Leave Management'!A:A,A2,'Leave Management'!C:C,"Annual Leave",'Leave Management'!H:H,"Approved") | E2: =C2-D2 | F2: 12 | G2: =SUMIFS('Leave Management'!F:F,'Leave Management'!A:A,A2,'Leave Management'!C:C,"Sick Leave",'Leave Management'!H:H,"Approved") | H2: =F2-G2 | I2: 10 | J2: =SUMIFS('Leave Management'!F:F,'Leave Management'!A:A,A2,'Leave Management'!C:C,"Casual Leave",'Leave Management'!H:H,"Approved") | K2: =I2-J2
A3: EMP002 | B3: Priya Sharma | C3: 20 | D3: =SUMIFS('Leave Management'!F:F,'Leave Management'!A:A,A3,'Leave Management'!C:C,"Annual Leave",'Leave Management'!H:H,"Approved") | E3: =C3-D3 | F3: 12 | G3: =SUMIFS('Leave Management'!F:F,'Leave Management'!A:A,A3,'Leave Management'!C:C,"Sick Leave",'Leave Management'!H:H,"Approved") | H3: =F3-G3 | I3: 10 | J3: =SUMIFS('Leave Management'!F:F,'Leave Management'!A:A,A3,'Leave Management'!C:C,"Casual Leave",'Leave Management'!H:H,"Approved") | K3: =I3-J3
A4: EMP003 | B4: Amit Patel | C4: 20 | D4: =SUMIFS('Leave Management'!F:F,'Leave Management'!A:A,A4,'Leave Management'!C:C,"Annual Leave",'Leave Management'!H:H,"Approved") | E4: =C4-D4 | F4: 12 | G4: =SUMIFS('Leave Management'!F:F,'Leave Management'!A:A,A4,'Leave Management'!C:C,"Sick Leave",'Leave Management'!H:H,"Approved") | H4: =F4-G4 | I4: 10 | J4: =SUMIFS('Leave Management'!F:F,'Leave Management'!A:A,A4,'Leave Management'!C:C,"Casual Leave",'Leave Management'!H:H,"Approved") | K4: =I4-J4
A5: EMP004 | B5: Neha Singh | C5: 20 | D5: =SUMIFS('Leave Management'!F:F,'Leave Management'!A:A,A5,'Leave Management'!C:C,"Annual Leave",'Leave Management'!H:H,"Approved") | E5: =C5-D5 | F5: 12 | G5: =SUMIFS('Leave Management'!F:F,'Leave Management'!A:A,A5,'Leave Management'!C:C,"Sick Leave",'Leave Management'!H:H,"Approved") | H5: =F5-G5 | I5: 10 | J5: =SUMIFS('Leave Management'!F:F,'Leave Management'!A:A,A5,'Leave Management'!C:C,"Casual Leave",'Leave Management'!H:H,"Approved") | K5: =I5-J5
A6: EMP005 | B6: Vikram Reddy | C6: 20 | D6: =SUMIFS('Leave Management'!F:F,'Leave Management'!A:A,A6,'Leave Management'!C:C,"Annual Leave",'Leave Management'!H:H,"Approved") | E6: =C6-D6 | F6: 12 | G6: =SUMIFS('Leave Management'!F:F,'Leave Management'!A:A,A6,'Leave Management'!C:C,"Sick Leave",'Leave Management'!H:H,"Approved") | H6: =F6-G6 | I6: 10 | J6: =SUMIFS('Leave Management'!F:F,'Leave Management'!A:A,A6,'Leave Management'!C:C,"Casual Leave",'Leave Management'!H:H,"Approved") | K6: =I6-J6
A7: EMP006 | B7: Ananya Iyer | C7: 20 | D7: =SUMIFS('Leave Management'!F:F,'Leave Management'!A:A,A7,'Leave Management'!C:C,"Annual Leave",'Leave Management'!H:H,"Approved") | E7: =C7-D7 | F7: 12 | G7: =SUMIFS('Leave Management'!F:F,'Leave Management'!A:A,A7,'Leave Management'!C:C,"Sick Leave",'Leave Management'!H:H,"Approved") | H7: =F7-G7 | I7: 10 | J7: =SUMIFS('Leave Management'!F:F,'Leave Management'!A:A,A7,'Leave Management'!C:C,"Casual Leave",'Leave Management'!H:H,"Approved") | K7: =I7-J7
A8: EMP007 | B8: Karthik Menon | C8: 20 | D8: =SUMIFS('Leave Management'!F:F,'Leave Management'!A:A,A8,'Leave Management'!C:C,"Annual Leave",'Leave Management'!H:H,"Approved") | E8: =C8-D8 | F8: 12 | G8: =SUMIFS('Leave Management'!F:F,'Leave Management'!A:A,A8,'Leave Management'!C:C,"Sick Leave",'Leave Management'!H:H,"Approved") | H8: =F8-G8 | I8: 10 | J8: =SUMIFS('Leave Management'!F:F,'Leave Management'!A:A,A8,'Leave Management'!C:C,"Casual Leave",'Leave Management'!H:H,"Approved") | K8: =I8-J8
A9: EMP008 | B9: Divya Nair | C9: 20 | D9: =SUMIFS('Leave Management'!F:F,'Leave Management'!A:A,A9,'Leave Management'!C:C,"Annual Leave",'Leave Management'!H:H,"Approved") | E9: =C9-D9 | F9: 12 | G9: =SUMIFS('Leave Management'!F:F,'Leave Management'!A:A,A9,'Leave Management'!C:C,"Sick Leave",'Leave Management'!H:H,"Approved") | H9: =F9-G9 | I9: 10 | J9: =SUMIFS('Leave Management'!F:F,'Leave Management'!A:A,A9,'Leave Management'!C:C,"Casual Leave",'Leave Management'!H:H,"Approved") | K9: =I9-J9
A10: EMP009 | B10: Rahul Verma | C10: 20 | D10: =SUMIFS('Leave Management'!F:F,'Leave Management'!A:A,A10,'Leave Management'!C:C,"Annual Leave",'Leave Management'!H:H,"Approved") | E10: =C10-D10 | F10: 12 | G10: =SUMIFS('Leave Management'!F:F,'Leave Management'!A:A,A10,'Leave Management'!C:C,"Sick Leave",'Leave Management'!H:H,"Approved") | H10: =F10-G10 | I10: 10 | J10: =SUMIFS('Leave Management'!F:F,'Leave Management'!A:A,A10,'Leave Management'!C:C,"Casual Leave",'Leave Management'!H:H,"Approved") | K10: =I10-J10
A11: EMP010 | B11: Sneha Desai | C11: 20 | D11: =SUMIFS('Leave Management'!F:F,'Leave Management'!A:A,A11,'Leave Management'!C:C,"Annual Leave",'Leave Management'!H:H,"Approved") | E11: =C11-D11 | F11: 12 | G11: =SUMIFS('Leave Management'!F:F,'Leave Management'!A:A,A11,'Leave Management'!C:C,"Sick Leave",'Leave Management'!H:H,"Approved") | H11: =F11-G11 | I11: 10 | J11: =SUMIFS('Leave Management'!F:F,'Leave Management'!A:A,A11,'Leave Management'!C:C,"Casual Leave",'Leave Management'!H:H,"Approved") | K11: =I11-J11
A12: EMP011 | B12: Arjun Kapoor | C12: 20 | D12: =SUMIFS('Leave Management'!F:F,'Leave Management'!A:A,A12,'Leave Management'!C:C,"Annual Leave",'Leave Management'!H:H,"Approved") | E12: =C12-D12 | F12: 12 | G12: =SUMIFS('Leave Management'!F:F,'Leave Management'!A:A,A12,'Leave Management'!C:C,"Sick Leave",'Leave Management'!H:H,"Approved") | H12: =F12-G12 | I12: 10 | J12: =SUMIFS('Leave Management'!F:F,'Leave Management'!A:A,A12,'Leave Management'!C:C,"Casual Leave",'Leave Management'!H:H,"Approved") | K12: =I12-J12
A13: EMP012 | B13: Pooja Agarwal | C13: 20 | D13: =SUMIFS('Leave Management'!F:F,'Leave Management'!A:A,A13,'Leave Management'!C:C,"Annual Leave",'Leave Management'!H:H,"Approved") | E13: =C13-D13 | F13: 12 | G13: =SUMIFS('Leave Management'!F:F,'Leave Management'!A:A,A13,'Leave Management'!C:C,"Sick Leave",'Leave Management'!H:H,"Approved") | H13: =F13-G13 | I13: 10 | J13: =SUMIFS('Leave Management'!F:F,'Leave Management'!A:A,A13,'Leave Management'!C:C,"Casual Leave",'Leave Management'!H:H,"Approved") | K13: =I13-J13
... A16: EMP015 | B16: Siddharth Roy | C16: 20 | D16: =SUMIFS('Leave Management'!F:F,'Leave Management'!A:A,A16,'Leave Management'!C:C,"Annual Leave",'Leave Management'!H:H,"Approved") | E16: =C16-D16 | F16: 12 | G16: =SUMIFS('Leave Management'!F:F,'Leave Management'!A:A,A16,'Leave Management'!C:C,"Sick Leave",'Leave Management'!H:H,"Approved") | H16: =F16-G16 | I16: 10 | J16: =SUMIFS('Leave Management'!F:F,'Leave Management'!A:A,A16,'Leave Management'!C:C,"Casual Leave",'Leave Management'!H:H,"Approved") | K16: =I16-J16
